time,time (hours,cost,sequence
"0 days, 0 hours",0,0,[]
"0 days, 1 hours",1,250,[1]
"0 days, 2 hours",2,500,"[1, 1]"
"0 days, 3 hours",3,750,[3]
"0 days, 4 hours",4,1000,"[3, 1]"
"0 days, 5 hours",5,1250,"[3, 1, 1]"
"0 days, 6 hours",6,1500,"[3, 3]"
"0 days, 7 hours",7,1750,"[3, 3, 1]"
"0 days, 8 hours",8,1800,[8]
"0 days, 9 hours",9,2050,"[8, 1]"
"0 days, 10 hours",10,2300,"[8, 1, 1]"
"0 days, 11 hours",11,2550,"[8, 3]"
"0 days, 12 hours",12,2800,"[8, 3, 1]"
"0 days, 13 hours",13,3050,"[8, 3, 1, 1]"
"0 days, 14 hours",14,3300,"[8, 3, 3]"
"0 days, 15 hours",15,3550,"[8, 3, 3, 1]"
"0 days, 16 hours",16,3600,"[8, 8]"
"0 days, 17 hours",17,3850,"[8, 8, 1]"
"0 days, 18 hours",18,4100,"[8, 8, 1, 1]"
"0 days, 19 hours",19,4350,"[8, 8, 3]"
"0 days, 20 hours",20,4600,"[8, 8, 3, 1]"
"0 days, 21 hours",21,4800,[24]
"0 days, 22 hours",22,4800,[24]
"0 days, 23 hours",23,4800,[24]
"1 days, 0 hours",24,4800,[24]
"1 days, 1 hours",25,5050,"[24, 1]"
"1 days, 2 hours",26,5300,"[24, 1, 1]"
"1 days, 3 hours",27,5550,"[24, 3]"
"1 days, 4 hours",28,5800,"[24, 3, 1]"
"1 days, 5 hours",29,6050,"[24, 3, 1, 1]"
"1 days, 6 hours",30,6300,"[24, 3, 3]"
"1 days, 7 hours",31,6550,"[24, 3, 3, 1]"
"1 days, 8 hours",32,6600,"[24, 8]"
"1 days, 9 hours",33,6850,"[24, 8, 1]"
"1 days, 10 hours",34,7100,"[24, 8, 1, 1]"
"1 days, 11 hours",35,7350,"[24, 8, 3]"
"1 days, 12 hours",36,7600,"[24, 8, 3, 1]"
"1 days, 13 hours",37,7850,"[24, 8, 3, 1, 1]"
"1 days, 14 hours",38,8100,"[24, 8, 3, 3]"
"1 days, 15 hours",39,8350,"[24, 8, 3, 3, 1]"
"1 days, 16 hours",40,8400,"[24, 8, 8]"
"1 days, 17 hours",41,8650,"[24, 8, 8, 1]"
"1 days, 18 hours",42,8900,"[24, 8, 8, 1, 1]"
"1 days, 19 hours",43,9150,"[24, 8, 8, 3]"
"1 days, 20 hours",44,9400,"[24, 8, 8, 3, 1]"
"1 days, 21 hours",45,9600,"[24, 24]"
"1 days, 22 hours",46,9600,"[24, 24]"
"1 days, 23 hours",47,9600,"[24, 24]"
"2 days, 0 hours",48,9600,"[24, 24]"
"2 days, 1 hours",49,9850,"[24, 24, 1]"
"2 days, 2 hours",50,10100,"[24, 24, 1, 1]"
"2 days, 3 hours",51,10350,"[24, 24, 3]"
"2 days, 4 hours",52,10600,"[24, 24, 3, 1]"
"2 days, 5 hours",53,10850,"[24, 24, 3, 1, 1]"
"2 days, 6 hours",54,11100,"[24, 24, 3, 3]"
"2 days, 7 hours",55,11350,"[24, 24, 3, 3, 1]"
"2 days, 8 hours",56,11400,"[24, 24, 8]"
"2 days, 9 hours",57,11650,"[24, 24, 8, 1]"
"2 days, 10 hours",58,11900,"[24, 24, 8, 1, 1]"
"2 days, 11 hours",59,12000,[72]
"2 days, 12 hours",60,12000,[72]
"2 days, 13 hours",61,12000,[72]
"2 days, 14 hours",62,12000,[72]
"2 days, 15 hours",63,12000,[72]
"2 days, 16 hours",64,12000,[72]
"2 days, 17 hours",65,12000,[72]
"2 days, 18 hours",66,12000,[72]
"2 days, 19 hours",67,12000,[72]
"2 days, 20 hours",68,12000,[72]
"2 days, 21 hours",69,12000,[72]
"2 days, 22 hours",70,12000,[72]
"2 days, 23 hours",71,12000,[72]
"3 days, 0 hours",72,12000,[72]
"3 days, 1 hours",73,12250,"[72, 1]"
"3 days, 2 hours",74,12500,"[72, 1, 1]"
"3 days, 3 hours",75,12750,"[72, 3]"
"3 days, 4 hours",76,13000,"[72, 3, 1]"
"3 days, 5 hours",77,13250,"[72, 3, 1, 1]"
"3 days, 6 hours",78,13500,"[72, 3, 3]"
"3 days, 7 hours",79,13750,"[72, 3, 3, 1]"
"3 days, 8 hours",80,13800,"[72, 8]"
"3 days, 9 hours",81,14050,"[72, 8, 1]"
"3 days, 10 hours",82,14300,"[72, 8, 1, 1]"
"3 days, 11 hours",83,14550,"[72, 8, 3]"
"3 days, 12 hours",84,14800,"[72, 8, 3, 1]"
"3 days, 13 hours",85,15050,"[72, 8, 3, 1, 1]"
"3 days, 14 hours",86,15300,"[72, 8, 3, 3]"
"3 days, 15 hours",87,15550,"[72, 8, 3, 3, 1]"
"3 days, 16 hours",88,15600,"[72, 8, 8]"
"3 days, 17 hours",89,15850,"[72, 8, 8, 1]"
"3 days, 18 hours",90,16100,"[72, 8, 8, 1, 1]"
"3 days, 19 hours",91,16350,"[72, 8, 8, 3]"
"3 days, 20 hours",92,16600,"[72, 8, 8, 3, 1]"
"3 days, 21 hours",93,16800,"[72, 24]"
"3 days, 22 hours",94,16800,"[72, 24]"
"3 days, 23 hours",95,16800,"[72, 24]"
"4 days, 0 hours",96,16800,"[72, 24]"
"4 days, 1 hours",97,17050,"[72, 24, 1]"
"4 days, 2 hours",98,17300,"[72, 24, 1, 1]"
"4 days, 3 hours",99,17550,"[72, 24, 3]"
"4 days, 4 hours",100,17800,"[72, 24, 3, 1]"
"4 days, 5 hours",101,18050,"[72, 24, 3, 1, 1]"
"4 days, 6 hours",102,18300,"[72, 24, 3, 3]"
"4 days, 7 hours",103,18550,"[72, 24, 3, 3, 1]"
"4 days, 8 hours",104,18600,"[72, 24, 8]"
"4 days, 9 hours",105,18850,"[72, 24, 8, 1]"
"4 days, 10 hours",106,19100,"[72, 24, 8, 1, 1]"
"4 days, 11 hours",107,19350,"[72, 24, 8, 3]"
"4 days, 12 hours",108,19600,"[72, 24, 8, 3, 1]"
"4 days, 13 hours",109,19850,"[72, 24, 8, 3, 1, 1]"
"4 days, 14 hours",110,20100,"[72, 24, 8, 3, 3]"
"4 days, 15 hours",111,20350,"[72, 24, 8, 3, 3, 1]"
"4 days, 16 hours",112,20400,"[72, 24, 8, 8]"
"4 days, 17 hours",113,20650,"[72, 24, 8, 8, 1]"
"4 days, 18 hours",114,20900,"[72, 24, 8, 8, 1, 1]"
"4 days, 19 hours",115,21150,"[72, 24, 8, 8, 3]"
"4 days, 20 hours",116,21400,"[72, 24, 8, 8, 3, 1]"
"4 days, 21 hours",117,21600,"[72, 24, 24]"
"4 days, 22 hours",118,21600,"[72, 24, 24]"
"4 days, 23 hours",119,21600,"[72, 24, 24]"
"5 days, 0 hours",120,21600,"[72, 24, 24]"
"5 days, 1 hours",121,21850,"[72, 24, 24, 1]"
"5 days, 2 hours",122,22100,"[72, 24, 24, 1, 1]"
"5 days, 3 hours",123,22350,"[72, 24, 24, 3]"
"5 days, 4 hours",124,22600,"[72, 24, 24, 3, 1]"
"5 days, 5 hours",125,22850,"[72, 24, 24, 3, 1, 1]"
"5 days, 6 hours",126,23100,"[72, 24, 24, 3, 3]"
"5 days, 7 hours",127,23350,"[72, 24, 24, 3, 3, 1]"
"5 days, 8 hours",128,23400,"[72, 24, 24, 8]"
"5 days, 9 hours",129,23650,"[72, 24, 24, 8, 1]"
"5 days, 10 hours",130,23900,"[72, 24, 24, 8, 1, 1]"
"5 days, 11 hours",131,24000,"[72, 72]"
"5 days, 12 hours",132,24000,"[72, 72]"
"5 days, 13 hours",133,24000,"[72, 72]"
"5 days, 14 hours",134,24000,"[72, 72]"
"5 days, 15 hours",135,24000,"[72, 72]"
"5 days, 16 hours",136,24000,"[72, 72]"
"5 days, 17 hours",137,24000,"[72, 72]"
"5 days, 18 hours",138,24000,"[72, 72]"
"5 days, 19 hours",139,24000,"[72, 72]"
"5 days, 20 hours",140,24000,"[72, 72]"
"5 days, 21 hours",141,24000,"[72, 72]"
"5 days, 22 hours",142,24000,"[72, 72]"
"5 days, 23 hours",143,24000,"[72, 72]"
"6 days, 0 hours",144,24000,"[72, 72]"
"6 days, 1 hours",145,24250,"[72, 72, 1]"
"6 days, 2 hours",146,24500,"[72, 72, 1, 1]"
"6 days, 3 hours",147,24750,"[72, 72, 3]"
"6 days, 4 hours",148,25000,[168]
"6 days, 5 hours",149,25000,[168]
"6 days, 6 hours",150,25000,[168]
"6 days, 7 hours",151,25000,[168]
"6 days, 8 hours",152,25000,[168]
"6 days, 9 hours",153,25000,[168]
"6 days, 10 hours",154,25000,[168]
"6 days, 11 hours",155,25000,[168]
"6 days, 12 hours",156,25000,[168]
"6 days, 13 hours",157,25000,[168]
"6 days, 14 hours",158,25000,[168]
"6 days, 15 hours",159,25000,[168]
"6 days, 16 hours",160,25000,[168]
"6 days, 17 hours",161,25000,[168]
"6 days, 18 hours",162,25000,[168]
"6 days, 19 hours",163,25000,[168]
"6 days, 20 hours",164,25000,[168]
"6 days, 21 hours",165,25000,[168]
"6 days, 22 hours",166,25000,[168]
"6 days, 23 hours",167,25000,[168]
"7 days, 0 hours",168,25000,[168]
"7 days, 1 hours",169,25250,"[168, 1]"
"7 days, 2 hours",170,25500,"[168, 1, 1]"
"7 days, 3 hours",171,25750,"[168, 3]"
"7 days, 4 hours",172,26000,"[168, 3, 1]"
"7 days, 5 hours",173,26250,"[168, 3, 1, 1]"
"7 days, 6 hours",174,26500,"[168, 3, 3]"
"7 days, 7 hours",175,26750,"[168, 3, 3, 1]"
"7 days, 8 hours",176,26800,"[168, 8]"
"7 days, 9 hours",177,27050,"[168, 8, 1]"
"7 days, 10 hours",178,27300,"[168, 8, 1, 1]"
"7 days, 11 hours",179,27550,"[168, 8, 3]"
"7 days, 12 hours",180,27800,"[168, 8, 3, 1]"
"7 days, 13 hours",181,28050,"[168, 8, 3, 1, 1]"
"7 days, 14 hours",182,28300,"[168, 8, 3, 3]"
"7 days, 15 hours",183,28550,"[168, 8, 3, 3, 1]"
"7 days, 16 hours",184,28600,"[168, 8, 8]"
"7 days, 17 hours",185,28850,"[168, 8, 8, 1]"
"7 days, 18 hours",186,29100,"[168, 8, 8, 1, 1]"
"7 days, 19 hours",187,29350,"[168, 8, 8, 3]"
"7 days, 20 hours",188,29600,"[168, 8, 8, 3, 1]"
"7 days, 21 hours",189,29800,"[168, 24]"
"7 days, 22 hours",190,29800,"[168, 24]"
"7 days, 23 hours",191,29800,"[168, 24]"
"8 days, 0 hours",192,29800,"[168, 24]"
"8 days, 1 hours",193,30050,"[168, 24, 1]"
"8 days, 2 hours",194,30300,"[168, 24, 1, 1]"
"8 days, 3 hours",195,30550,"[168, 24, 3]"
"8 days, 4 hours",196,30800,"[168, 24, 3, 1]"
"8 days, 5 hours",197,31050,"[168, 24, 3, 1, 1]"
"8 days, 6 hours",198,31300,"[168, 24, 3, 3]"
"8 days, 7 hours",199,31550,"[168, 24, 3, 3, 1]"
"8 days, 8 hours",200,31600,"[168, 24, 8]"
"8 days, 9 hours",201,31850,"[168, 24, 8, 1]"
"8 days, 10 hours",202,32100,"[168, 24, 8, 1, 1]"
"8 days, 11 hours",203,32350,"[168, 24, 8, 3]"
"8 days, 12 hours",204,32600,"[168, 24, 8, 3, 1]"
"8 days, 13 hours",205,32850,"[168, 24, 8, 3, 1, 1]"
"8 days, 14 hours",206,33100,"[168, 24, 8, 3, 3]"
"8 days, 15 hours",207,33350,"[168, 24, 8, 3, 3, 1]"
"8 days, 16 hours",208,33400,"[168, 24, 8, 8]"
"8 days, 17 hours",209,33650,"[168, 24, 8, 8, 1]"
"8 days, 18 hours",210,33900,"[168, 24, 8, 8, 1, 1]"
"8 days, 19 hours",211,34150,"[168, 24, 8, 8, 3]"
"8 days, 20 hours",212,34400,"[168, 24, 8, 8, 3, 1]"
"8 days, 21 hours",213,34600,"[168, 24, 24]"
"8 days, 22 hours",214,34600,"[168, 24, 24]"
"8 days, 23 hours",215,34600,"[168, 24, 24]"
"9 days, 0 hours",216,34600,"[168, 24, 24]"
"9 days, 1 hours",217,34850,"[168, 24, 24, 1]"
"9 days, 2 hours",218,35100,"[168, 24, 24, 1, 1]"
"9 days, 3 hours",219,35350,"[168, 24, 24, 3]"
"9 days, 4 hours",220,35600,"[168, 24, 24, 3, 1]"
"9 days, 5 hours",221,35850,"[168, 24, 24, 3, 1, 1]"
"9 days, 6 hours",222,36100,"[168, 24, 24, 3, 3]"
"9 days, 7 hours",223,36350,"[168, 24, 24, 3, 3, 1]"
"9 days, 8 hours",224,36400,"[168, 24, 24, 8]"
"9 days, 9 hours",225,36650,"[168, 24, 24, 8, 1]"
"9 days, 10 hours",226,36900,"[168, 24, 24, 8, 1, 1]"
"9 days, 11 hours",227,37000,"[168, 72]"
"9 days, 12 hours",228,37000,"[168, 72]"
"9 days, 13 hours",229,37000,"[168, 72]"
"9 days, 14 hours",230,37000,"[168, 72]"
"9 days, 15 hours",231,37000,"[168, 72]"
"9 days, 16 hours",232,37000,"[168, 72]"
"9 days, 17 hours",233,37000,"[168, 72]"
"9 days, 18 hours",234,37000,"[168, 72]"
"9 days, 19 hours",235,37000,"[168, 72]"
"9 days, 20 hours",236,37000,"[168, 72]"
"9 days, 21 hours",237,37000,"[168, 72]"
"9 days, 22 hours",238,37000,"[168, 72]"
"9 days, 23 hours",239,37000,"[168, 72]"
"10 days, 0 hours",240,37000,"[168, 72]"
"10 days, 1 hours",241,37250,"[168, 72, 1]"
"10 days, 2 hours",242,37500,"[168, 72, 1, 1]"
"10 days, 3 hours",243,37750,"[168, 72, 3]"
"10 days, 4 hours",244,38000,"[168, 72, 3, 1]"
"10 days, 5 hours",245,38250,"[168, 72, 3, 1, 1]"
"10 days, 6 hours",246,38500,"[168, 72, 3, 3]"
"10 days, 7 hours",247,38750,"[168, 72, 3, 3, 1]"
"10 days, 8 hours",248,38800,"[168, 72, 8]"
"10 days, 9 hours",249,39050,"[168, 72, 8, 1]"
"10 days, 10 hours",250,39300,"[168, 72, 8, 1, 1]"
"10 days, 11 hours",251,39550,"[168, 72, 8, 3]"
"10 days, 12 hours",252,39800,"[168, 72, 8, 3, 1]"
"10 days, 13 hours",253,40050,"[168, 72, 8, 3, 1, 1]"
"10 days, 14 hours",254,40300,"[168, 72, 8, 3, 3]"
"10 days, 15 hours",255,40550,"[168, 72, 8, 3, 3, 1]"
"10 days, 16 hours",256,40600,"[168, 72, 8, 8]"
"10 days, 17 hours",257,40850,"[168, 72, 8, 8, 1]"
"10 days, 18 hours",258,41100,"[168, 72, 8, 8, 1, 1]"
"10 days, 19 hours",259,41350,"[168, 72, 8, 8, 3]"
"10 days, 20 hours",260,41600,"[168, 72, 8, 8, 3, 1]"
"10 days, 21 hours",261,41800,"[168, 72, 24]"
"10 days, 22 hours",262,41800,"[168, 72, 24]"
"10 days, 23 hours",263,41800,"[168, 72, 24]"
"11 days, 0 hours",264,41800,"[168, 72, 24]"
"11 days, 1 hours",265,42050,"[168, 72, 24, 1]"
"11 days, 2 hours",266,42300,"[168, 72, 24, 1, 1]"
"11 days, 3 hours",267,42550,"[168, 72, 24, 3]"
"11 days, 4 hours",268,42800,"[168, 72, 24, 3, 1]"
"11 days, 5 hours",269,43050,"[168, 72, 24, 3, 1, 1]"
"11 days, 6 hours",270,43300,"[168, 72, 24, 3, 3]"
"11 days, 7 hours",271,43550,"[168, 72, 24, 3, 3, 1]"
"11 days, 8 hours",272,43600,"[168, 72, 24, 8]"
"11 days, 9 hours",273,43850,"[168, 72, 24, 8, 1]"
"11 days, 10 hours",274,44100,"[168, 72, 24, 8, 1, 1]"
"11 days, 11 hours",275,44350,"[168, 72, 24, 8, 3]"
"11 days, 12 hours",276,44600,"[168, 72, 24, 8, 3, 1]"
"11 days, 13 hours",277,44850,"[168, 72, 24, 8, 3, 1, 1]"
"11 days, 14 hours",278,45100,"[168, 72, 24, 8, 3, 3]"
"11 days, 15 hours",279,45350,"[168, 72, 24, 8, 3, 3, 1]"
"11 days, 16 hours",280,45400,"[168, 72, 24, 8, 8]"
"11 days, 17 hours",281,45650,"[168, 72, 24, 8, 8, 1]"
"11 days, 18 hours",282,45900,"[168, 72, 24, 8, 8, 1, 1]"
"11 days, 19 hours",283,46150,"[168, 72, 24, 8, 8, 3]"
"11 days, 20 hours",284,46400,"[168, 72, 24, 8, 8, 3, 1]"
"11 days, 21 hours",285,46600,"[168, 72, 24, 24]"
"11 days, 22 hours",286,46600,"[168, 72, 24, 24]"
"11 days, 23 hours",287,46600,"[168, 72, 24, 24]"
"12 days, 0 hours",288,46600,"[168, 72, 24, 24]"
"12 days, 1 hours",289,46850,"[168, 72, 24, 24, 1]"
"12 days, 2 hours",290,47100,"[168, 72, 24, 24, 1, 1]"
"12 days, 3 hours",291,47350,"[168, 72, 24, 24, 3]"
"12 days, 4 hours",292,47600,"[168, 72, 24, 24, 3, 1]"
"12 days, 5 hours",293,47850,"[168, 72, 24, 24, 3, 1, 1]"
"12 days, 6 hours",294,48100,"[168, 72, 24, 24, 3, 3]"
"12 days, 7 hours",295,48350,"[168, 72, 24, 24, 3, 3, 1]"
"12 days, 8 hours",296,48400,"[168, 72, 24, 24, 8]"
"12 days, 9 hours",297,48650,"[168, 72, 24, 24, 8, 1]"
"12 days, 10 hours",298,48900,"[168, 72, 24, 24, 8, 1, 1]"
"12 days, 11 hours",299,49000,"[168, 72, 72]"
"12 days, 12 hours",300,49000,"[168, 72, 72]"
"12 days, 13 hours",301,49000,"[168, 72, 72]"
"12 days, 14 hours",302,49000,"[168, 72, 72]"
"12 days, 15 hours",303,49000,"[168, 72, 72]"
"12 days, 16 hours",304,49000,"[168, 72, 72]"
"12 days, 17 hours",305,49000,"[168, 72, 72]"
"12 days, 18 hours",306,49000,"[168, 72, 72]"
"12 days, 19 hours",307,49000,"[168, 72, 72]"
"12 days, 20 hours",308,49000,"[168, 72, 72]"
"12 days, 21 hours",309,49000,"[168, 72, 72]"
"12 days, 22 hours",310,49000,"[168, 72, 72]"
"12 days, 23 hours",311,49000,"[168, 72, 72]"
"13 days, 0 hours",312,49000,"[168, 72, 72]"
"13 days, 1 hours",313,49250,"[168, 72, 72, 1]"
"13 days, 2 hours",314,49500,"[168, 72, 72, 1, 1]"
"13 days, 3 hours",315,49750,"[168, 72, 72, 3]"
"13 days, 4 hours",316,50000,"[168, 168]"
"13 days, 5 hours",317,50000,"[168, 168]"
"13 days, 6 hours",318,50000,"[168, 168]"
"13 days, 7 hours",319,50000,"[168, 168]"
"13 days, 8 hours",320,50000,"[168, 168]"
"13 days, 9 hours",321,50000,"[168, 168]"
"13 days, 10 hours",322,50000,"[168, 168]"
"13 days, 11 hours",323,50000,"[168, 168]"
"13 days, 12 hours",324,50000,"[168, 168]"
"13 days, 13 hours",325,50000,"[168, 168]"
"13 days, 14 hours",326,50000,"[168, 168]"
"13 days, 15 hours",327,50000,"[168, 168]"
"13 days, 16 hours",328,50000,"[168, 168]"
"13 days, 17 hours",329,50000,"[168, 168]"
"13 days, 18 hours",330,50000,"[168, 168]"
"13 days, 19 hours",331,50000,"[168, 168]"
"13 days, 20 hours",332,50000,"[168, 168]"
"13 days, 21 hours",333,50000,"[168, 168]"
"13 days, 22 hours",334,50000,"[168, 168]"
"13 days, 23 hours",335,50000,"[168, 168]"
"14 days, 0 hours",336,50000,"[168, 168]"
"14 days, 1 hours",337,50250,"[168, 168, 1]"
"14 days, 2 hours",338,50500,"[168, 168, 1, 1]"
"14 days, 3 hours",339,50750,"[168, 168, 3]"
"14 days, 4 hours",340,51000,"[168, 168, 3, 1]"
"14 days, 5 hours",341,51250,"[168, 168, 3, 1, 1]"
"14 days, 6 hours",342,51500,"[168, 168, 3, 3]"
"14 days, 7 hours",343,51750,"[168, 168, 3, 3, 1]"
"14 days, 8 hours",344,51800,"[168, 168, 8]"
"14 days, 9 hours",345,52050,"[168, 168, 8, 1]"
"14 days, 10 hours",346,52300,"[168, 168, 8, 1, 1]"
"14 days, 11 hours",347,52550,"[168, 168, 8, 3]"
"14 days, 12 hours",348,52800,"[168, 168, 8, 3, 1]"
"14 days, 13 hours",349,53050,"[168, 168, 8, 3, 1, 1]"
"14 days, 14 hours",350,53300,"[168, 168, 8, 3, 3]"
"14 days, 15 hours",351,53550,"[168, 168, 8, 3, 3, 1]"
"14 days, 16 hours",352,53600,"[168, 168, 8, 8]"
"14 days, 17 hours",353,53850,"[168, 168, 8, 8, 1]"
"14 days, 18 hours",354,54100,"[168, 168, 8, 8, 1, 1]"
"14 days, 19 hours",355,54350,"[168, 168, 8, 8, 3]"
"14 days, 20 hours",356,54600,"[168, 168, 8, 8, 3, 1]"
"14 days, 21 hours",357,54800,"[168, 168, 24]"
"14 days, 22 hours",358,54800,"[168, 168, 24]"
"14 days, 23 hours",359,54800,"[168, 168, 24]"
"15 days, 0 hours",360,54800,"[168, 168, 24]"
"15 days, 1 hours",361,55050,"[168, 168, 24, 1]"
"15 days, 2 hours",362,55300,"[168, 168, 24, 1, 1]"
"15 days, 3 hours",363,55550,"[168, 168, 24, 3]"
"15 days, 4 hours",364,55800,"[168, 168, 24, 3, 1]"
"15 days, 5 hours",365,56050,"[168, 168, 24, 3, 1, 1]"
"15 days, 6 hours",366,56300,"[168, 168, 24, 3, 3]"
"15 days, 7 hours",367,56550,"[168, 168, 24, 3, 3, 1]"
"15 days, 8 hours",368,56600,"[168, 168, 24, 8]"
"15 days, 9 hours",369,56850,"[168, 168, 24, 8, 1]"
"15 days, 10 hours",370,57100,"[168, 168, 24, 8, 1, 1]"
"15 days, 11 hours",371,57350,"[168, 168, 24, 8, 3]"
"15 days, 12 hours",372,57600,"[168, 168, 24, 8, 3, 1]"
"15 days, 13 hours",373,57850,"[168, 168, 24, 8, 3, 1, 1]"
"15 days, 14 hours",374,58100,"[168, 168, 24, 8, 3, 3]"
"15 days, 15 hours",375,58300,[480]
"15 days, 16 hours",376,58300,[480]
"15 days, 17 hours",377,58300,[480]
"15 days, 18 hours",378,58300,[480]
"15 days, 19 hours",379,58300,[480]
"15 days, 20 hours",380,58300,[480]
"15 days, 21 hours",381,58300,[480]
"15 days, 22 hours",382,58300,[480]
"15 days, 23 hours",383,58300,[480]
"16 days, 0 hours",384,58300,[480]
"16 days, 1 hours",385,58300,[480]
"16 days, 2 hours",386,58300,[480]
"16 days, 3 hours",387,58300,[480]
"16 days, 4 hours",388,58300,[480]
"16 days, 5 hours",389,58300,[480]
"16 days, 6 hours",390,58300,[480]
"16 days, 7 hours",391,58300,[480]
"16 days, 8 hours",392,58300,[480]
"16 days, 9 hours",393,58300,[480]
"16 days, 10 hours",394,58300,[480]
"16 days, 11 hours",395,58300,[480]
"16 days, 12 hours",396,58300,[480]
"16 days, 13 hours",397,58300,[480]
"16 days, 14 hours",398,58300,[480]
"16 days, 15 hours",399,58300,[480]
"16 days, 16 hours",400,58300,[480]
"16 days, 17 hours",401,58300,[480]
"16 days, 18 hours",402,58300,[480]
"16 days, 19 hours",403,58300,[480]
"16 days, 20 hours",404,58300,[480]
"16 days, 21 hours",405,58300,[480]
"16 days, 22 hours",406,58300,[480]
"16 days, 23 hours",407,58300,[480]
"17 days, 0 hours",408,58300,[480]
"17 days, 1 hours",409,58300,[480]
"17 days, 2 hours",410,58300,[480]
"17 days, 3 hours",411,58300,[480]
"17 days, 4 hours",412,58300,[480]
"17 days, 5 hours",413,58300,[480]
"17 days, 6 hours",414,58300,[480]
"17 days, 7 hours",415,58300,[480]
"17 days, 8 hours",416,58300,[480]
"17 days, 9 hours",417,58300,[480]
"17 days, 10 hours",418,58300,[480]
"17 days, 11 hours",419,58300,[480]
"17 days, 12 hours",420,58300,[480]
"17 days, 13 hours",421,58300,[480]
"17 days, 14 hours",422,58300,[480]
"17 days, 15 hours",423,58300,[480]
"17 days, 16 hours",424,58300,[480]
"17 days, 17 hours",425,58300,[480]
"17 days, 18 hours",426,58300,[480]
"17 days, 19 hours",427,58300,[480]
"17 days, 20 hours",428,58300,[480]
"17 days, 21 hours",429,58300,[480]
"17 days, 22 hours",430,58300,[480]
"17 days, 23 hours",431,58300,[480]
"18 days, 0 hours",432,58300,[480]
"18 days, 1 hours",433,58300,[480]
"18 days, 2 hours",434,58300,[480]
"18 days, 3 hours",435,58300,[480]
"18 days, 4 hours",436,58300,[480]
"18 days, 5 hours",437,58300,[480]
"18 days, 6 hours",438,58300,[480]
"18 days, 7 hours",439,58300,[480]
"18 days, 8 hours",440,58300,[480]
"18 days, 9 hours",441,58300,[480]
"18 days, 10 hours",442,58300,[480]
"18 days, 11 hours",443,58300,[480]
"18 days, 12 hours",444,58300,[480]
"18 days, 13 hours",445,58300,[480]
"18 days, 14 hours",446,58300,[480]
"18 days, 15 hours",447,58300,[480]
"18 days, 16 hours",448,58300,[480]
"18 days, 17 hours",449,58300,[480]
"18 days, 18 hours",450,58300,[480]
"18 days, 19 hours",451,58300,[480]
"18 days, 20 hours",452,58300,[480]
"18 days, 21 hours",453,58300,[480]
"18 days, 22 hours",454,58300,[480]
"18 days, 23 hours",455,58300,[480]
"19 days, 0 hours",456,58300,[480]
"19 days, 1 hours",457,58300,[480]
"19 days, 2 hours",458,58300,[480]
"19 days, 3 hours",459,58300,[480]
"19 days, 4 hours",460,58300,[480]
"19 days, 5 hours",461,58300,[480]
"19 days, 6 hours",462,58300,[480]
"19 days, 7 hours",463,58300,[480]
"19 days, 8 hours",464,58300,[480]
"19 days, 9 hours",465,58300,[480]
"19 days, 10 hours",466,58300,[480]
"19 days, 11 hours",467,58300,[480]
"19 days, 12 hours",468,58300,[480]
"19 days, 13 hours",469,58300,[480]
"19 days, 14 hours",470,58300,[480]
"19 days, 15 hours",471,58300,[480]
"19 days, 16 hours",472,58300,[480]
"19 days, 17 hours",473,58300,[480]
"19 days, 18 hours",474,58300,[480]
"19 days, 19 hours",475,58300,[480]
"19 days, 20 hours",476,58300,[480]
"19 days, 21 hours",477,58300,[480]
"19 days, 22 hours",478,58300,[480]
"19 days, 23 hours",479,58300,[480]
"20 days, 0 hours",480,58300,[480]
"20 days, 1 hours",481,58550,"[480, 1]"
"20 days, 2 hours",482,58800,"[480, 1, 1]"
"20 days, 3 hours",483,59050,"[480, 3]"
"20 days, 4 hours",484,59300,"[480, 3, 1]"
"20 days, 5 hours",485,59550,"[480, 3, 1, 1]"
"20 days, 6 hours",486,59800,"[480, 3, 3]"
"20 days, 7 hours",487,60050,"[480, 3, 3, 1]"
"20 days, 8 hours",488,60100,"[480, 8]"
"20 days, 9 hours",489,60350,"[480, 8, 1]"
"20 days, 10 hours",490,60600,"[480, 8, 1, 1]"
"20 days, 11 hours",491,60850,"[480, 8, 3]"
"20 days, 12 hours",492,61100,"[480, 8, 3, 1]"
"20 days, 13 hours",493,61350,"[480, 8, 3, 1, 1]"
"20 days, 14 hours",494,61600,"[480, 8, 3, 3]"
"20 days, 15 hours",495,61850,"[480, 8, 3, 3, 1]"
"20 days, 16 hours",496,61900,"[480, 8, 8]"
"20 days, 17 hours",497,62150,"[480, 8, 8, 1]"
"20 days, 18 hours",498,62400,"[480, 8, 8, 1, 1]"
"20 days, 19 hours",499,62650,"[480, 8, 8, 3]"
"20 days, 20 hours",500,62900,"[480, 8, 8, 3, 1]"
"20 days, 21 hours",501,63100,"[480, 24]"
"20 days, 22 hours",502,63100,"[480, 24]"
"20 days, 23 hours",503,63100,"[480, 24]"
"21 days, 0 hours",504,63100,"[480, 24]"
"21 days, 1 hours",505,63350,"[480, 24, 1]"
"21 days, 2 hours",506,63600,"[480, 24, 1, 1]"
"21 days, 3 hours",507,63850,"[480, 24, 3]"
"21 days, 4 hours",508,64100,"[480, 24, 3, 1]"
"21 days, 5 hours",509,64350,"[480, 24, 3, 1, 1]"
"21 days, 6 hours",510,64600,"[480, 24, 3, 3]"
"21 days, 7 hours",511,64850,"[480, 24, 3, 3, 1]"
"21 days, 8 hours",512,64900,"[480, 24, 8]"
"21 days, 9 hours",513,65150,"[480, 24, 8, 1]"
"21 days, 10 hours",514,65400,"[480, 24, 8, 1, 1]"
"21 days, 11 hours",515,65650,"[480, 24, 8, 3]"
"21 days, 12 hours",516,65900,"[480, 24, 8, 3, 1]"
"21 days, 13 hours",517,66150,"[480, 24, 8, 3, 1, 1]"
"21 days, 14 hours",518,66400,"[480, 24, 8, 3, 3]"
"21 days, 15 hours",519,66650,"[480, 24, 8, 3, 3, 1]"
"21 days, 16 hours",520,66700,"[480, 24, 8, 8]"
"21 days, 17 hours",521,66950,"[480, 24, 8, 8, 1]"
"21 days, 18 hours",522,67200,"[480, 24, 8, 8, 1, 1]"
"21 days, 19 hours",523,67450,"[480, 24, 8, 8, 3]"
"21 days, 20 hours",524,67700,"[480, 24, 8, 8, 3, 1]"
"21 days, 21 hours",525,67900,"[480, 24, 24]"
"21 days, 22 hours",526,67900,"[480, 24, 24]"
"21 days, 23 hours",527,67900,"[480, 24, 24]"
"22 days, 0 hours",528,67900,"[480, 24, 24]"
"22 days, 1 hours",529,68150,"[480, 24, 24, 1]"
"22 days, 2 hours",530,68400,"[480, 24, 24, 1, 1]"
"22 days, 3 hours",531,68650,"[480, 24, 24, 3]"
"22 days, 4 hours",532,68900,"[480, 24, 24, 3, 1]"
"22 days, 5 hours",533,69150,"[480, 24, 24, 3, 1, 1]"
"22 days, 6 hours",534,69400,"[480, 24, 24, 3, 3]"
"22 days, 7 hours",535,69650,"[480, 24, 24, 3, 3, 1]"
"22 days, 8 hours",536,69700,"[480, 24, 24, 8]"
"22 days, 9 hours",537,69950,"[480, 24, 24, 8, 1]"
"22 days, 10 hours",538,70200,"[480, 24, 24, 8, 1, 1]"
"22 days, 11 hours",539,70300,"[480, 72]"
"22 days, 12 hours",540,70300,"[480, 72]"
"22 days, 13 hours",541,70300,"[480, 72]"
"22 days, 14 hours",542,70300,"[480, 72]"
"22 days, 15 hours",543,70300,"[480, 72]"
"22 days, 16 hours",544,70300,"[480, 72]"
"22 days, 17 hours",545,70300,"[480, 72]"
"22 days, 18 hours",546,70300,"[480, 72]"
"22 days, 19 hours",547,70300,"[480, 72]"
"22 days, 20 hours",548,70300,"[480, 72]"
"22 days, 21 hours",549,70300,"[480, 72]"
"22 days, 22 hours",550,70300,"[480, 72]"
"22 days, 23 hours",551,70300,"[480, 72]"
"23 days, 0 hours",552,70300,"[480, 72]"
"23 days, 1 hours",553,70550,"[480, 72, 1]"
"23 days, 2 hours",554,70800,"[480, 72, 1, 1]"
"23 days, 3 hours",555,71050,"[480, 72, 3]"
"23 days, 4 hours",556,71300,"[480, 72, 3, 1]"
"23 days, 5 hours",557,71550,"[480, 72, 3, 1, 1]"
"23 days, 6 hours",558,71800,"[480, 72, 3, 3]"
"23 days, 7 hours",559,72050,"[480, 72, 3, 3, 1]"
"23 days, 8 hours",560,72100,"[480, 72, 8]"
"23 days, 9 hours",561,72350,"[480, 72, 8, 1]"
"23 days, 10 hours",562,72600,"[480, 72, 8, 1, 1]"
"23 days, 11 hours",563,72850,"[480, 72, 8, 3]"
"23 days, 12 hours",564,73100,"[480, 72, 8, 3, 1]"
"23 days, 13 hours",565,73350,"[480, 72, 8, 3, 1, 1]"
"23 days, 14 hours",566,73600,"[480, 72, 8, 3, 3]"
"23 days, 15 hours",567,73850,"[480, 72, 8, 3, 3, 1]"
"23 days, 16 hours",568,73900,"[480, 72, 8, 8]"
"23 days, 17 hours",569,74150,"[480, 72, 8, 8, 1]"
"23 days, 18 hours",570,74400,"[480, 72, 8, 8, 1, 1]"
"23 days, 19 hours",571,74650,"[480, 72, 8, 8, 3]"
"23 days, 20 hours",572,74900,"[480, 72, 8, 8, 3, 1]"
"23 days, 21 hours",573,75100,"[480, 72, 24]"
"23 days, 22 hours",574,75100,"[480, 72, 24]"
"23 days, 23 hours",575,75100,"[480, 72, 24]"
"24 days, 0 hours",576,75100,"[480, 72, 24]"
"24 days, 1 hours",577,75350,"[480, 72, 24, 1]"
"24 days, 2 hours",578,75600,"[480, 72, 24, 1, 1]"
"24 days, 3 hours",579,75850,"[480, 72, 24, 3]"
"24 days, 4 hours",580,76100,"[480, 72, 24, 3, 1]"
"24 days, 5 hours",581,76350,"[480, 72, 24, 3, 1, 1]"
"24 days, 6 hours",582,76600,"[480, 72, 24, 3, 3]"
"24 days, 7 hours",583,76850,"[480, 72, 24, 3, 3, 1]"
"24 days, 8 hours",584,76900,"[480, 72, 24, 8]"
"24 days, 9 hours",585,77150,"[480, 72, 24, 8, 1]"
"24 days, 10 hours",586,77400,"[480, 72, 24, 8, 1, 1]"
"24 days, 11 hours",587,77650,"[480, 72, 24, 8, 3]"
"24 days, 12 hours",588,77900,"[480, 72, 24, 8, 3, 1]"
"24 days, 13 hours",589,78150,"[480, 72, 24, 8, 3, 1, 1]"
"24 days, 14 hours",590,78400,"[480, 72, 24, 8, 3, 3]"
"24 days, 15 hours",591,78650,"[480, 72, 24, 8, 3, 3, 1]"
"24 days, 16 hours",592,78700,"[480, 72, 24, 8, 8]"
"24 days, 17 hours",593,78950,"[480, 72, 24, 8, 8, 1]"
"24 days, 18 hours",594,79200,"[480, 72, 24, 8, 8, 1, 1]"
"24 days, 19 hours",595,79450,"[480, 72, 24, 8, 8, 3]"
"24 days, 20 hours",596,79700,"[480, 72, 24, 8, 8, 3, 1]"
"24 days, 21 hours",597,79900,"[480, 72, 24, 24]"
"24 days, 22 hours",598,79900,"[480, 72, 24, 24]"
"24 days, 23 hours",599,79900,"[480, 72, 24, 24]"
"25 days, 0 hours",600,79900,"[480, 72, 24, 24]"
"25 days, 1 hours",601,80000,[720]
"25 days, 2 hours",602,80000,[720]
"25 days, 3 hours",603,80000,[720]
"25 days, 4 hours",604,80000,[720]
"25 days, 5 hours",605,80000,[720]
"25 days, 6 hours",606,80000,[720]
"25 days, 7 hours",607,80000,[720]
"25 days, 8 hours",608,80000,[720]
"25 days, 9 hours",609,80000,[720]
"25 days, 10 hours",610,80000,[720]
"25 days, 11 hours",611,80000,[720]
"25 days, 12 hours",612,80000,[720]
"25 days, 13 hours",613,80000,[720]
"25 days, 14 hours",614,80000,[720]
"25 days, 15 hours",615,80000,[720]
"25 days, 16 hours",616,80000,[720]
"25 days, 17 hours",617,80000,[720]
"25 days, 18 hours",618,80000,[720]
"25 days, 19 hours",619,80000,[720]
"25 days, 20 hours",620,80000,[720]
"25 days, 21 hours",621,80000,[720]
"25 days, 22 hours",622,80000,[720]
"25 days, 23 hours",623,80000,[720]
"26 days, 0 hours",624,80000,[720]
"26 days, 1 hours",625,80000,[720]
"26 days, 2 hours",626,80000,[720]
"26 days, 3 hours",627,80000,[720]
"26 days, 4 hours",628,80000,[720]
"26 days, 5 hours",629,80000,[720]
"26 days, 6 hours",630,80000,[720]
"26 days, 7 hours",631,80000,[720]
"26 days, 8 hours",632,80000,[720]
"26 days, 9 hours",633,80000,[720]
"26 days, 10 hours",634,80000,[720]
"26 days, 11 hours",635,80000,[720]
"26 days, 12 hours",636,80000,[720]
"26 days, 13 hours",637,80000,[720]
"26 days, 14 hours",638,80000,[720]
"26 days, 15 hours",639,80000,[720]
"26 days, 16 hours",640,80000,[720]
"26 days, 17 hours",641,80000,[720]
"26 days, 18 hours",642,80000,[720]
"26 days, 19 hours",643,80000,[720]
"26 days, 20 hours",644,80000,[720]
"26 days, 21 hours",645,80000,[720]
"26 days, 22 hours",646,80000,[720]
"26 days, 23 hours",647,80000,[720]
"27 days, 0 hours",648,80000,[720]
"27 days, 1 hours",649,80000,[720]
"27 days, 2 hours",650,80000,[720]
"27 days, 3 hours",651,80000,[720]
"27 days, 4 hours",652,80000,[720]
"27 days, 5 hours",653,80000,[720]
"27 days, 6 hours",654,80000,[720]
"27 days, 7 hours",655,80000,[720]
"27 days, 8 hours",656,80000,[720]
"27 days, 9 hours",657,80000,[720]
"27 days, 10 hours",658,80000,[720]
"27 days, 11 hours",659,80000,[720]
"27 days, 12 hours",660,80000,[720]
"27 days, 13 hours",661,80000,[720]
"27 days, 14 hours",662,80000,[720]
"27 days, 15 hours",663,80000,[720]
"27 days, 16 hours",664,80000,[720]
"27 days, 17 hours",665,80000,[720]
"27 days, 18 hours",666,80000,[720]
"27 days, 19 hours",667,80000,[720]
"27 days, 20 hours",668,80000,[720]
"27 days, 21 hours",669,80000,[720]
"27 days, 22 hours",670,80000,[720]
"27 days, 23 hours",671,80000,[720]
"28 days, 0 hours",672,80000,[720]
"28 days, 1 hours",673,80000,[720]
"28 days, 2 hours",674,80000,[720]
"28 days, 3 hours",675,80000,[720]
"28 days, 4 hours",676,80000,[720]
"28 days, 5 hours",677,80000,[720]
"28 days, 6 hours",678,80000,[720]
"28 days, 7 hours",679,80000,[720]
"28 days, 8 hours",680,80000,[720]
"28 days, 9 hours",681,80000,[720]
"28 days, 10 hours",682,80000,[720]
"28 days, 11 hours",683,80000,[720]
"28 days, 12 hours",684,80000,[720]
"28 days, 13 hours",685,80000,[720]
"28 days, 14 hours",686,80000,[720]
"28 days, 15 hours",687,80000,[720]
"28 days, 16 hours",688,80000,[720]
"28 days, 17 hours",689,80000,[720]
"28 days, 18 hours",690,80000,[720]
"28 days, 19 hours",691,80000,[720]
"28 days, 20 hours",692,80000,[720]
"28 days, 21 hours",693,80000,[720]
"28 days, 22 hours",694,80000,[720]
"28 days, 23 hours",695,80000,[720]
"29 days, 0 hours",696,80000,[720]
"29 days, 1 hours",697,80000,[720]
"29 days, 2 hours",698,80000,[720]
"29 days, 3 hours",699,80000,[720]
"29 days, 4 hours",700,80000,[720]
"29 days, 5 hours",701,80000,[720]
"29 days, 6 hours",702,80000,[720]
"29 days, 7 hours",703,80000,[720]
"29 days, 8 hours",704,80000,[720]
"29 days, 9 hours",705,80000,[720]
"29 days, 10 hours",706,80000,[720]
"29 days, 11 hours",707,80000,[720]
"29 days, 12 hours",708,80000,[720]
"29 days, 13 hours",709,80000,[720]
"29 days, 14 hours",710,80000,[720]
"29 days, 15 hours",711,80000,[720]
"29 days, 16 hours",712,80000,[720]
"29 days, 17 hours",713,80000,[720]
"29 days, 18 hours",714,80000,[720]
"29 days, 19 hours",715,80000,[720]
"29 days, 20 hours",716,80000,[720]
"29 days, 21 hours",717,80000,[720]
"29 days, 22 hours",718,80000,[720]
"29 days, 23 hours",719,80000,[720]
"30 days, 0 hours",720,80000,[720]
"30 days, 1 hours",721,80250,"[720, 1]"
"30 days, 2 hours",722,80500,"[720, 1, 1]"
"30 days, 3 hours",723,80750,"[720, 3]"
"30 days, 4 hours",724,81000,"[720, 3, 1]"
"30 days, 5 hours",725,81250,"[720, 3, 1, 1]"
"30 days, 6 hours",726,81500,"[720, 3, 3]"
"30 days, 7 hours",727,81750,"[720, 3, 3, 1]"
"30 days, 8 hours",728,81800,"[720, 8]"
"30 days, 9 hours",729,82050,"[720, 8, 1]"
"30 days, 10 hours",730,82300,"[720, 8, 1, 1]"
"30 days, 11 hours",731,82550,"[720, 8, 3]"
"30 days, 12 hours",732,82800,"[720, 8, 3, 1]"
"30 days, 13 hours",733,83050,"[720, 8, 3, 1, 1]"
"30 days, 14 hours",734,83300,"[720, 8, 3, 3]"
"30 days, 15 hours",735,83550,"[720, 8, 3, 3, 1]"
"30 days, 16 hours",736,83600,"[720, 8, 8]"
"30 days, 17 hours",737,83850,"[720, 8, 8, 1]"
"30 days, 18 hours",738,84100,"[720, 8, 8, 1, 1]"
"30 days, 19 hours",739,84350,"[720, 8, 8, 3]"
"30 days, 20 hours",740,84600,"[720, 8, 8, 3, 1]"
"30 days, 21 hours",741,84800,"[720, 24]"
"30 days, 22 hours",742,84800,"[720, 24]"
"30 days, 23 hours",743,84800,"[720, 24]"
"31 days, 0 hours",744,84800,"[720, 24]"
"31 days, 1 hours",745,85050,"[720, 24, 1]"
"31 days, 2 hours",746,85300,"[720, 24, 1, 1]"
"31 days, 3 hours",747,85550,"[720, 24, 3]"
"31 days, 4 hours",748,85800,"[720, 24, 3, 1]"
"31 days, 5 hours",749,86050,"[720, 24, 3, 1, 1]"
"31 days, 6 hours",750,86300,"[720, 24, 3, 3]"
"31 days, 7 hours",751,86550,"[720, 24, 3, 3, 1]"
"31 days, 8 hours",752,86600,"[720, 24, 8]"
"31 days, 9 hours",753,86850,"[720, 24, 8, 1]"
"31 days, 10 hours",754,87100,"[720, 24, 8, 1, 1]"
"31 days, 11 hours",755,87350,"[720, 24, 8, 3]"
"31 days, 12 hours",756,87600,"[720, 24, 8, 3, 1]"
"31 days, 13 hours",757,87850,"[720, 24, 8, 3, 1, 1]"
"31 days, 14 hours",758,88100,"[720, 24, 8, 3, 3]"
"31 days, 15 hours",759,88350,"[720, 24, 8, 3, 3, 1]"
"31 days, 16 hours",760,88400,"[720, 24, 8, 8]"
"31 days, 17 hours",761,88650,"[720, 24, 8, 8, 1]"
"31 days, 18 hours",762,88900,"[720, 24, 8, 8, 1, 1]"
"31 days, 19 hours",763,89150,"[720, 24, 8, 8, 3]"
"31 days, 20 hours",764,89400,"[720, 24, 8, 8, 3, 1]"
"31 days, 21 hours",765,89600,"[720, 24, 24]"
"31 days, 22 hours",766,89600,"[720, 24, 24]"
"31 days, 23 hours",767,89600,"[720, 24, 24]"
"32 days, 0 hours",768,89600,"[720, 24, 24]"
"32 days, 1 hours",769,89850,"[720, 24, 24, 1]"
"32 days, 2 hours",770,90100,"[720, 24, 24, 1, 1]"
"32 days, 3 hours",771,90350,"[720, 24, 24, 3]"
"32 days, 4 hours",772,90600,"[720, 24, 24, 3, 1]"
"32 days, 5 hours",773,90850,"[720, 24, 24, 3, 1, 1]"
"32 days, 6 hours",774,91100,"[720, 24, 24, 3, 3]"
"32 days, 7 hours",775,91350,"[720, 24, 24, 3, 3, 1]"
"32 days, 8 hours",776,91400,"[720, 24, 24, 8]"
"32 days, 9 hours",777,91650,"[720, 24, 24, 8, 1]"
"32 days, 10 hours",778,91900,"[720, 24, 24, 8, 1, 1]"
"32 days, 11 hours",779,92000,"[720, 72]"
"32 days, 12 hours",780,92000,"[720, 72]"
"32 days, 13 hours",781,92000,"[720, 72]"
"32 days, 14 hours",782,92000,"[720, 72]"
"32 days, 15 hours",783,92000,"[720, 72]"
"32 days, 16 hours",784,92000,"[720, 72]"
"32 days, 17 hours",785,92000,"[720, 72]"
"32 days, 18 hours",786,92000,"[720, 72]"
"32 days, 19 hours",787,92000,"[720, 72]"
"32 days, 20 hours",788,92000,"[720, 72]"
"32 days, 21 hours",789,92000,"[720, 72]"
"32 days, 22 hours",790,92000,"[720, 72]"
"32 days, 23 hours",791,92000,"[720, 72]"
"33 days, 0 hours",792,92000,"[720, 72]"
"33 days, 1 hours",793,92250,"[720, 72, 1]"
"33 days, 2 hours",794,92500,"[720, 72, 1, 1]"
"33 days, 3 hours",795,92750,"[720, 72, 3]"
"33 days, 4 hours",796,93000,"[720, 72, 3, 1]"
"33 days, 5 hours",797,93250,"[720, 72, 3, 1, 1]"
"33 days, 6 hours",798,93500,"[720, 72, 3, 3]"
"33 days, 7 hours",799,93750,"[720, 72, 3, 3, 1]"
"33 days, 8 hours",800,93800,"[720, 72, 8]"
"33 days, 9 hours",801,94050,"[720, 72, 8, 1]"
"33 days, 10 hours",802,94300,"[720, 72, 8, 1, 1]"
"33 days, 11 hours",803,94550,"[720, 72, 8, 3]"
"33 days, 12 hours",804,94800,"[720, 72, 8, 3, 1]"
"33 days, 13 hours",805,95050,"[720, 72, 8, 3, 1, 1]"
"33 days, 14 hours",806,95300,"[720, 72, 8, 3, 3]"
"33 days, 15 hours",807,95550,"[720, 72, 8, 3, 3, 1]"
"33 days, 16 hours",808,95600,"[720, 72, 8, 8]"
"33 days, 17 hours",809,95850,"[720, 72, 8, 8, 1]"
"33 days, 18 hours",810,96100,"[720, 72, 8, 8, 1, 1]"
"33 days, 19 hours",811,96350,"[720, 72, 8, 8, 3]"
"33 days, 20 hours",812,96600,"[720, 72, 8, 8, 3, 1]"
"33 days, 21 hours",813,96800,"[720, 72, 24]"
"33 days, 22 hours",814,96800,"[720, 72, 24]"
"33 days, 23 hours",815,96800,"[720, 72, 24]"
"34 days, 0 hours",816,96800,"[720, 72, 24]"
"34 days, 1 hours",817,97050,"[720, 72, 24, 1]"
"34 days, 2 hours",818,97300,"[720, 72, 24, 1, 1]"
"34 days, 3 hours",819,97550,"[720, 72, 24, 3]"
"34 days, 4 hours",820,97800,"[720, 72, 24, 3, 1]"
"34 days, 5 hours",821,98050,"[720, 72, 24, 3, 1, 1]"
"34 days, 6 hours",822,98300,"[720, 72, 24, 3, 3]"
"34 days, 7 hours",823,98550,"[720, 72, 24, 3, 3, 1]"
"34 days, 8 hours",824,98600,"[720, 72, 24, 8]"
"34 days, 9 hours",825,98850,"[720, 72, 24, 8, 1]"
"34 days, 10 hours",826,99100,"[720, 72, 24, 8, 1, 1]"
"34 days, 11 hours",827,99350,"[720, 72, 24, 8, 3]"
"34 days, 12 hours",828,99600,"[720, 72, 24, 8, 3, 1]"
"34 days, 13 hours",829,99850,"[720, 72, 24, 8, 3, 1, 1]"
"34 days, 14 hours",830,100100,"[720, 72, 24, 8, 3, 3]"
"34 days, 15 hours",831,100350,"[720, 72, 24, 8, 3, 3, 1]"
"34 days, 16 hours",832,100400,"[720, 72, 24, 8, 8]"
"34 days, 17 hours",833,100650,"[720, 72, 24, 8, 8, 1]"
"34 days, 18 hours",834,100900,"[720, 72, 24, 8, 8, 1, 1]"
"34 days, 19 hours",835,101150,"[720, 72, 24, 8, 8, 3]"
"34 days, 20 hours",836,101400,"[720, 72, 24, 8, 8, 3, 1]"
"34 days, 21 hours",837,101600,"[720, 72, 24, 24]"
"34 days, 22 hours",838,101600,"[720, 72, 24, 24]"
"34 days, 23 hours",839,101600,"[720, 72, 24, 24]"
"35 days, 0 hours",840,101600,"[720, 72, 24, 24]"
"35 days, 1 hours",841,101850,"[720, 72, 24, 24, 1]"
"35 days, 2 hours",842,102100,"[720, 72, 24, 24, 1, 1]"
"35 days, 3 hours",843,102350,"[720, 72, 24, 24, 3]"
"35 days, 4 hours",844,102600,"[720, 72, 24, 24, 3, 1]"
"35 days, 5 hours",845,102850,"[720, 72, 24, 24, 3, 1, 1]"
"35 days, 6 hours",846,103100,"[720, 72, 24, 24, 3, 3]"
"35 days, 7 hours",847,103350,"[720, 72, 24, 24, 3, 3, 1]"
"35 days, 8 hours",848,103400,"[720, 72, 24, 24, 8]"
"35 days, 9 hours",849,103650,"[720, 72, 24, 24, 8, 1]"
"35 days, 10 hours",850,103900,"[720, 72, 24, 24, 8, 1, 1]"
"35 days, 11 hours",851,104000,"[720, 72, 72]"
"35 days, 12 hours",852,104000,"[720, 72, 72]"
"35 days, 13 hours",853,104000,"[720, 72, 72]"
"35 days, 14 hours",854,104000,"[720, 72, 72]"
"35 days, 15 hours",855,104000,"[720, 72, 72]"
"35 days, 16 hours",856,104000,"[720, 72, 72]"
"35 days, 17 hours",857,104000,"[720, 72, 72]"
"35 days, 18 hours",858,104000,"[720, 72, 72]"
"35 days, 19 hours",859,104000,"[720, 72, 72]"
"35 days, 20 hours",860,104000,"[720, 72, 72]"
"35 days, 21 hours",861,104000,"[720, 72, 72]"
"35 days, 22 hours",862,104000,"[720, 72, 72]"
"35 days, 23 hours",863,104000,"[720, 72, 72]"
"36 days, 0 hours",864,104000,"[720, 72, 72]"
"36 days, 1 hours",865,104250,"[720, 72, 72, 1]"
"36 days, 2 hours",866,104500,"[720, 72, 72, 1, 1]"
"36 days, 3 hours",867,104750,"[720, 72, 72, 3]"
"36 days, 4 hours",868,105000,"[720, 168]"
"36 days, 5 hours",869,105000,"[720, 168]"
"36 days, 6 hours",870,105000,"[720, 168]"
"36 days, 7 hours",871,105000,"[720, 168]"
"36 days, 8 hours",872,105000,"[720, 168]"
"36 days, 9 hours",873,105000,"[720, 168]"
"36 days, 10 hours",874,105000,"[720, 168]"
"36 days, 11 hours",875,105000,"[720, 168]"
"36 days, 12 hours",876,105000,"[720, 168]"
"36 days, 13 hours",877,105000,"[720, 168]"
"36 days, 14 hours",878,105000,"[720, 168]"
"36 days, 15 hours",879,105000,"[720, 168]"
"36 days, 16 hours",880,105000,"[720, 168]"
"36 days, 17 hours",881,105000,"[720, 168]"
"36 days, 18 hours",882,105000,"[720, 168]"
"36 days, 19 hours",883,105000,"[720, 168]"
"36 days, 20 hours",884,105000,"[720, 168]"
"36 days, 21 hours",885,105000,"[720, 168]"
"36 days, 22 hours",886,105000,"[720, 168]"
"36 days, 23 hours",887,105000,"[720, 168]"
"37 days, 0 hours",888,105000,"[720, 168]"
"37 days, 1 hours",889,105250,"[720, 168, 1]"
"37 days, 2 hours",890,105500,"[720, 168, 1, 1]"
"37 days, 3 hours",891,105750,"[720, 168, 3]"
"37 days, 4 hours",892,106000,"[720, 168, 3, 1]"
"37 days, 5 hours",893,106250,"[720, 168, 3, 1, 1]"
"37 days, 6 hours",894,106500,"[720, 168, 3, 3]"
"37 days, 7 hours",895,106750,"[720, 168, 3, 3, 1]"
"37 days, 8 hours",896,106800,"[720, 168, 8]"
"37 days, 9 hours",897,107050,"[720, 168, 8, 1]"
"37 days, 10 hours",898,107300,"[720, 168, 8, 1, 1]"
"37 days, 11 hours",899,107550,"[720, 168, 8, 3]"
"37 days, 12 hours",900,107800,"[720, 168, 8, 3, 1]"
"37 days, 13 hours",901,108050,"[720, 168, 8, 3, 1, 1]"
"37 days, 14 hours",902,108300,"[720, 168, 8, 3, 3]"
"37 days, 15 hours",903,108550,"[720, 168, 8, 3, 3, 1]"
"37 days, 16 hours",904,108600,"[720, 168, 8, 8]"
"37 days, 17 hours",905,108850,"[720, 168, 8, 8, 1]"
"37 days, 18 hours",906,109100,"[720, 168, 8, 8, 1, 1]"
"37 days, 19 hours",907,109350,"[720, 168, 8, 8, 3]"
"37 days, 20 hours",908,109600,"[720, 168, 8, 8, 3, 1]"
"37 days, 21 hours",909,109800,"[720, 168, 24]"
"37 days, 22 hours",910,109800,"[720, 168, 24]"
"37 days, 23 hours",911,109800,"[720, 168, 24]"
"38 days, 0 hours",912,109800,"[720, 168, 24]"
"38 days, 1 hours",913,110050,"[720, 168, 24, 1]"
"38 days, 2 hours",914,110300,"[720, 168, 24, 1, 1]"
"38 days, 3 hours",915,110550,"[720, 168, 24, 3]"
"38 days, 4 hours",916,110800,"[720, 168, 24, 3, 1]"
"38 days, 5 hours",917,111050,"[720, 168, 24, 3, 1, 1]"
"38 days, 6 hours",918,111300,"[720, 168, 24, 3, 3]"
"38 days, 7 hours",919,111550,"[720, 168, 24, 3, 3, 1]"
"38 days, 8 hours",920,111600,"[720, 168, 24, 8]"
"38 days, 9 hours",921,111850,"[720, 168, 24, 8, 1]"
"38 days, 10 hours",922,112100,"[720, 168, 24, 8, 1, 1]"
"38 days, 11 hours",923,112350,"[720, 168, 24, 8, 3]"
"38 days, 12 hours",924,112600,"[720, 168, 24, 8, 3, 1]"
"38 days, 13 hours",925,112850,"[720, 168, 24, 8, 3, 1, 1]"
"38 days, 14 hours",926,113100,"[720, 168, 24, 8, 3, 3]"
"38 days, 15 hours",927,113350,"[720, 168, 24, 8, 3, 3, 1]"
"38 days, 16 hours",928,113400,"[720, 168, 24, 8, 8]"
"38 days, 17 hours",929,113650,"[720, 168, 24, 8, 8, 1]"
"38 days, 18 hours",930,113900,"[720, 168, 24, 8, 8, 1, 1]"
"38 days, 19 hours",931,114150,"[720, 168, 24, 8, 8, 3]"
"38 days, 20 hours",932,114400,"[720, 168, 24, 8, 8, 3, 1]"
"38 days, 21 hours",933,114600,"[720, 168, 24, 24]"
"38 days, 22 hours",934,114600,"[720, 168, 24, 24]"
"38 days, 23 hours",935,114600,"[720, 168, 24, 24]"
"39 days, 0 hours",936,114600,"[720, 168, 24, 24]"
"39 days, 1 hours",937,114850,"[720, 168, 24, 24, 1]"
"39 days, 2 hours",938,115100,"[720, 168, 24, 24, 1, 1]"
"39 days, 3 hours",939,115350,"[720, 168, 24, 24, 3]"
"39 days, 4 hours",940,115600,"[720, 168, 24, 24, 3, 1]"
"39 days, 5 hours",941,115850,"[720, 168, 24, 24, 3, 1, 1]"
"39 days, 6 hours",942,116100,"[720, 168, 24, 24, 3, 3]"
"39 days, 7 hours",943,116350,"[720, 168, 24, 24, 3, 3, 1]"
"39 days, 8 hours",944,116400,"[720, 168, 24, 24, 8]"
"39 days, 9 hours",945,116600,"[480, 480]"
"39 days, 10 hours",946,116600,"[480, 480]"
"39 days, 11 hours",947,116600,"[480, 480]"
"39 days, 12 hours",948,116600,"[480, 480]"
"39 days, 13 hours",949,116600,"[480, 480]"
"39 days, 14 hours",950,116600,"[480, 480]"
"39 days, 15 hours",951,116600,"[480, 480]"
"39 days, 16 hours",952,116600,"[480, 480]"
"39 days, 17 hours",953,116600,"[480, 480]"
"39 days, 18 hours",954,116600,"[480, 480]"
"39 days, 19 hours",955,116600,"[480, 480]"
"39 days, 20 hours",956,116600,"[480, 480]"
"39 days, 21 hours",957,116600,"[480, 480]"
"39 days, 22 hours",958,116600,"[480, 480]"
"39 days, 23 hours",959,116600,"[480, 480]"
"40 days, 0 hours",960,116600,"[480, 480]"
"40 days, 1 hours",961,116850,"[480, 480, 1]"
"40 days, 2 hours",962,117100,"[480, 480, 1, 1]"
"40 days, 3 hours",963,117350,"[480, 480, 3]"
"40 days, 4 hours",964,117600,"[480, 480, 3, 1]"
"40 days, 5 hours",965,117850,"[480, 480, 3, 1, 1]"
"40 days, 6 hours",966,118100,"[480, 480, 3, 3]"
"40 days, 7 hours",967,118350,"[480, 480, 3, 3, 1]"
"40 days, 8 hours",968,118400,"[480, 480, 8]"
"40 days, 9 hours",969,118650,"[480, 480, 8, 1]"
"40 days, 10 hours",970,118900,"[480, 480, 8, 1, 1]"
"40 days, 11 hours",971,119150,"[480, 480, 8, 3]"
"40 days, 12 hours",972,119400,"[480, 480, 8, 3, 1]"
"40 days, 13 hours",973,119650,"[480, 480, 8, 3, 1, 1]"
"40 days, 14 hours",974,119900,"[480, 480, 8, 3, 3]"
"40 days, 15 hours",975,120150,"[480, 480, 8, 3, 3, 1]"
"40 days, 16 hours",976,120200,"[480, 480, 8, 8]"
"40 days, 17 hours",977,120450,"[480, 480, 8, 8, 1]"
"40 days, 18 hours",978,120700,"[480, 480, 8, 8, 1, 1]"
"40 days, 19 hours",979,120950,"[480, 480, 8, 8, 3]"
"40 days, 20 hours",980,121200,"[480, 480, 8, 8, 3, 1]"
"40 days, 21 hours",981,121400,"[480, 480, 24]"
"40 days, 22 hours",982,121400,"[480, 480, 24]"
"40 days, 23 hours",983,121400,"[480, 480, 24]"
"41 days, 0 hours",984,121400,"[480, 480, 24]"
"41 days, 1 hours",985,121650,"[480, 480, 24, 1]"
"41 days, 2 hours",986,121900,"[480, 480, 24, 1, 1]"
"41 days, 3 hours",987,122150,"[480, 480, 24, 3]"
"41 days, 4 hours",988,122400,"[480, 480, 24, 3, 1]"
"41 days, 5 hours",989,122650,"[480, 480, 24, 3, 1, 1]"
"41 days, 6 hours",990,122900,"[480, 480, 24, 3, 3]"
"41 days, 7 hours",991,123150,"[480, 480, 24, 3, 3, 1]"
"41 days, 8 hours",992,123200,"[480, 480, 24, 8]"
"41 days, 9 hours",993,123450,"[480, 480, 24, 8, 1]"
"41 days, 10 hours",994,123700,"[480, 480, 24, 8, 1, 1]"
"41 days, 11 hours",995,123950,"[480, 480, 24, 8, 3]"
"41 days, 12 hours",996,124200,"[480, 480, 24, 8, 3, 1]"
"41 days, 13 hours",997,124450,"[480, 480, 24, 8, 3, 1, 1]"
"41 days, 14 hours",998,124700,"[480, 480, 24, 8, 3, 3]"
"41 days, 15 hours",999,124950,"[480, 480, 24, 8, 3, 3, 1]"
"41 days, 16 hours",1000,125000,"[480, 480, 24, 8, 8]"
"41 days, 17 hours",1001,125250,"[480, 480, 24, 8, 8, 1]"
"41 days, 18 hours",1002,125500,"[480, 480, 24, 8, 8, 1, 1]"
"41 days, 19 hours",1003,125750,"[480, 480, 24, 8, 8, 3]"
"41 days, 20 hours",1004,126000,"[480, 480, 24, 8, 8, 3, 1]"
"41 days, 21 hours",1005,126200,"[480, 480, 24, 24]"
"41 days, 22 hours",1006,126200,"[480, 480, 24, 24]"
"41 days, 23 hours",1007,126200,"[480, 480, 24, 24]"
"42 days, 0 hours",1008,126200,"[480, 480, 24, 24]"
"42 days, 1 hours",1009,126450,"[480, 480, 24, 24, 1]"
"42 days, 2 hours",1010,126700,"[480, 480, 24, 24, 1, 1]"
"42 days, 3 hours",1011,126950,"[480, 480, 24, 24, 3]"
"42 days, 4 hours",1012,127200,"[480, 480, 24, 24, 3, 1]"
"42 days, 5 hours",1013,127450,"[480, 480, 24, 24, 3, 1, 1]"
"42 days, 6 hours",1014,127700,"[480, 480, 24, 24, 3, 3]"
"42 days, 7 hours",1015,127950,"[480, 480, 24, 24, 3, 3, 1]"
"42 days, 8 hours",1016,128000,"[480, 480, 24, 24, 8]"
"42 days, 9 hours",1017,128250,"[480, 480, 24, 24, 8, 1]"
"42 days, 10 hours",1018,128500,"[480, 480, 24, 24, 8, 1, 1]"
"42 days, 11 hours",1019,128600,"[480, 480, 72]"
"42 days, 12 hours",1020,128600,"[480, 480, 72]"
"42 days, 13 hours",1021,128600,"[480, 480, 72]"
"42 days, 14 hours",1022,128600,"[480, 480, 72]"
"42 days, 15 hours",1023,128600,"[480, 480, 72]"
"42 days, 16 hours",1024,128600,"[480, 480, 72]"
"42 days, 17 hours",1025,128600,"[480, 480, 72]"
"42 days, 18 hours",1026,128600,"[480, 480, 72]"
"42 days, 19 hours",1027,128600,"[480, 480, 72]"
"42 days, 20 hours",1028,128600,"[480, 480, 72]"
"42 days, 21 hours",1029,128600,"[480, 480, 72]"
"42 days, 22 hours",1030,128600,"[480, 480, 72]"
"42 days, 23 hours",1031,128600,"[480, 480, 72]"
"43 days, 0 hours",1032,128600,"[480, 480, 72]"
"43 days, 1 hours",1033,128850,"[480, 480, 72, 1]"
"43 days, 2 hours",1034,129100,"[480, 480, 72, 1, 1]"
"43 days, 3 hours",1035,129350,"[480, 480, 72, 3]"
"43 days, 4 hours",1036,129600,"[480, 480, 72, 3, 1]"
"43 days, 5 hours",1037,129850,"[480, 480, 72, 3, 1, 1]"
"43 days, 6 hours",1038,130000,"[720, 168, 168]"
"43 days, 7 hours",1039,130000,"[720, 168, 168]"
"43 days, 8 hours",1040,130000,"[720, 168, 168]"
"43 days, 9 hours",1041,130000,"[720, 168, 168]"
"43 days, 10 hours",1042,130000,"[720, 168, 168]"
"43 days, 11 hours",1043,130000,"[720, 168, 168]"
"43 days, 12 hours",1044,130000,"[720, 168, 168]"
"43 days, 13 hours",1045,130000,"[720, 168, 168]"
"43 days, 14 hours",1046,130000,"[720, 168, 168]"
"43 days, 15 hours",1047,130000,"[720, 168, 168]"
"43 days, 16 hours",1048,130000,"[720, 168, 168]"
"43 days, 17 hours",1049,130000,"[720, 168, 168]"
"43 days, 18 hours",1050,130000,"[720, 168, 168]"
"43 days, 19 hours",1051,130000,"[720, 168, 168]"
"43 days, 20 hours",1052,130000,"[720, 168, 168]"
"43 days, 21 hours",1053,130000,"[720, 168, 168]"
"43 days, 22 hours",1054,130000,"[720, 168, 168]"
"43 days, 23 hours",1055,130000,"[720, 168, 168]"
"44 days, 0 hours",1056,130000,"[720, 168, 168]"
"44 days, 1 hours",1057,130250,"[720, 168, 168, 1]"
"44 days, 2 hours",1058,130500,"[720, 168, 168, 1, 1]"
"44 days, 3 hours",1059,130750,"[720, 168, 168, 3]"
"44 days, 4 hours",1060,131000,"[720, 168, 168, 3, 1]"
"44 days, 5 hours",1061,131250,"[720, 168, 168, 3, 1, 1]"
"44 days, 6 hours",1062,131500,"[720, 168, 168, 3, 3]"
"44 days, 7 hours",1063,131750,"[720, 168, 168, 3, 3, 1]"
"44 days, 8 hours",1064,131800,"[720, 168, 168, 8]"
"44 days, 9 hours",1065,132050,"[720, 168, 168, 8, 1]"
"44 days, 10 hours",1066,132300,"[720, 168, 168, 8, 1, 1]"
"44 days, 11 hours",1067,132550,"[720, 168, 168, 8, 3]"
"44 days, 12 hours",1068,132800,"[720, 168, 168, 8, 3, 1]"
"44 days, 13 hours",1069,133050,"[720, 168, 168, 8, 3, 1, 1]"
"44 days, 14 hours",1070,133300,"[720, 168, 168, 8, 3, 3]"
"44 days, 15 hours",1071,133550,"[720, 168, 168, 8, 3, 3, 1]"
"44 days, 16 hours",1072,133600,"[720, 168, 168, 8, 8]"
"44 days, 17 hours",1073,133850,"[720, 168, 168, 8, 8, 1]"
"44 days, 18 hours",1074,134100,"[720, 168, 168, 8, 8, 1, 1]"
"44 days, 19 hours",1075,134350,"[720, 168, 168, 8, 8, 3]"
"44 days, 20 hours",1076,134600,"[720, 168, 168, 8, 8, 3, 1]"
"44 days, 21 hours",1077,134800,"[720, 168, 168, 24]"
"44 days, 22 hours",1078,134800,"[720, 168, 168, 24]"
"44 days, 23 hours",1079,134800,"[720, 168, 168, 24]"
"45 days, 0 hours",1080,134800,"[720, 168, 168, 24]"
"45 days, 1 hours",1081,135050,"[720, 168, 168, 24, 1]"
"45 days, 2 hours",1082,135300,"[720, 168, 168, 24, 1, 1]"
"45 days, 3 hours",1083,135550,"[720, 168, 168, 24, 3]"
"45 days, 4 hours",1084,135800,"[720, 168, 168, 24, 3, 1]"
"45 days, 5 hours",1085,136050,"[720, 168, 168, 24, 3, 1, 1]"
"45 days, 6 hours",1086,136300,"[720, 168, 168, 24, 3, 3]"
"45 days, 7 hours",1087,136550,"[720, 168, 168, 24, 3, 3, 1]"
"45 days, 8 hours",1088,136600,"[720, 168, 168, 24, 8]"
"45 days, 9 hours",1089,136850,"[720, 168, 168, 24, 8, 1]"
"45 days, 10 hours",1090,137100,"[720, 168, 168, 24, 8, 1, 1]"
"45 days, 11 hours",1091,137350,"[720, 168, 168, 24, 8, 3]"
"45 days, 12 hours",1092,137600,"[720, 168, 168, 24, 8, 3, 1]"
"45 days, 13 hours",1093,137850,"[720, 168, 168, 24, 8, 3, 1, 1]"
"45 days, 14 hours",1094,138100,"[720, 168, 168, 24, 8, 3, 3]"
"45 days, 15 hours",1095,138300,"[720, 480]"
"45 days, 16 hours",1096,138300,"[720, 480]"
"45 days, 17 hours",1097,138300,"[720, 480]"
"45 days, 18 hours",1098,138300,"[720, 480]"
"45 days, 19 hours",1099,138300,"[720, 480]"
"45 days, 20 hours",1100,138300,"[720, 480]"
"45 days, 21 hours",1101,138300,"[720, 480]"
"45 days, 22 hours",1102,138300,"[720, 480]"
"45 days, 23 hours",1103,138300,"[720, 480]"
"46 days, 0 hours",1104,138300,"[720, 480]"
"46 days, 1 hours",1105,138300,"[720, 480]"
"46 days, 2 hours",1106,138300,"[720, 480]"
"46 days, 3 hours",1107,138300,"[720, 480]"
"46 days, 4 hours",1108,138300,"[720, 480]"
"46 days, 5 hours",1109,138300,"[720, 480]"
"46 days, 6 hours",1110,138300,"[720, 480]"
"46 days, 7 hours",1111,138300,"[720, 480]"
"46 days, 8 hours",1112,138300,"[720, 480]"
"46 days, 9 hours",1113,138300,"[720, 480]"
"46 days, 10 hours",1114,138300,"[720, 480]"
"46 days, 11 hours",1115,138300,"[720, 480]"
"46 days, 12 hours",1116,138300,"[720, 480]"
"46 days, 13 hours",1117,138300,"[720, 480]"
"46 days, 14 hours",1118,138300,"[720, 480]"
"46 days, 15 hours",1119,138300,"[720, 480]"
"46 days, 16 hours",1120,138300,"[720, 480]"
"46 days, 17 hours",1121,138300,"[720, 480]"
"46 days, 18 hours",1122,138300,"[720, 480]"
"46 days, 19 hours",1123,138300,"[720, 480]"
"46 days, 20 hours",1124,138300,"[720, 480]"
"46 days, 21 hours",1125,138300,"[720, 480]"
"46 days, 22 hours",1126,138300,"[720, 480]"
"46 days, 23 hours",1127,138300,"[720, 480]"
"47 days, 0 hours",1128,138300,"[720, 480]"
"47 days, 1 hours",1129,138300,"[720, 480]"
"47 days, 2 hours",1130,138300,"[720, 480]"
"47 days, 3 hours",1131,138300,"[720, 480]"
"47 days, 4 hours",1132,138300,"[720, 480]"
"47 days, 5 hours",1133,138300,"[720, 480]"
"47 days, 6 hours",1134,138300,"[720, 480]"
"47 days, 7 hours",1135,138300,"[720, 480]"
"47 days, 8 hours",1136,138300,"[720, 480]"
"47 days, 9 hours",1137,138300,"[720, 480]"
"47 days, 10 hours",1138,138300,"[720, 480]"
"47 days, 11 hours",1139,138300,"[720, 480]"
"47 days, 12 hours",1140,138300,"[720, 480]"
"47 days, 13 hours",1141,138300,"[720, 480]"
"47 days, 14 hours",1142,138300,"[720, 480]"
"47 days, 15 hours",1143,138300,"[720, 480]"
"47 days, 16 hours",1144,138300,"[720, 480]"
"47 days, 17 hours",1145,138300,"[720, 480]"
"47 days, 18 hours",1146,138300,"[720, 480]"
"47 days, 19 hours",1147,138300,"[720, 480]"
"47 days, 20 hours",1148,138300,"[720, 480]"
"47 days, 21 hours",1149,138300,"[720, 480]"
"47 days, 22 hours",1150,138300,"[720, 480]"
"47 days, 23 hours",1151,138300,"[720, 480]"
"48 days, 0 hours",1152,138300,"[720, 480]"
"48 days, 1 hours",1153,138300,"[720, 480]"
"48 days, 2 hours",1154,138300,"[720, 480]"
"48 days, 3 hours",1155,138300,"[720, 480]"
"48 days, 4 hours",1156,138300,"[720, 480]"
"48 days, 5 hours",1157,138300,"[720, 480]"
"48 days, 6 hours",1158,138300,"[720, 480]"
"48 days, 7 hours",1159,138300,"[720, 480]"
"48 days, 8 hours",1160,138300,"[720, 480]"
"48 days, 9 hours",1161,138300,"[720, 480]"
"48 days, 10 hours",1162,138300,"[720, 480]"
"48 days, 11 hours",1163,138300,"[720, 480]"
"48 days, 12 hours",1164,138300,"[720, 480]"
"48 days, 13 hours",1165,138300,"[720, 480]"
"48 days, 14 hours",1166,138300,"[720, 480]"
"48 days, 15 hours",1167,138300,"[720, 480]"
"48 days, 16 hours",1168,138300,"[720, 480]"
"48 days, 17 hours",1169,138300,"[720, 480]"
"48 days, 18 hours",1170,138300,"[720, 480]"
"48 days, 19 hours",1171,138300,"[720, 480]"
"48 days, 20 hours",1172,138300,"[720, 480]"
"48 days, 21 hours",1173,138300,"[720, 480]"
"48 days, 22 hours",1174,138300,"[720, 480]"
"48 days, 23 hours",1175,138300,"[720, 480]"
"49 days, 0 hours",1176,138300,"[720, 480]"
"49 days, 1 hours",1177,138300,"[720, 480]"
"49 days, 2 hours",1178,138300,"[720, 480]"
"49 days, 3 hours",1179,138300,"[720, 480]"
"49 days, 4 hours",1180,138300,"[720, 480]"
"49 days, 5 hours",1181,138300,"[720, 480]"
"49 days, 6 hours",1182,138300,"[720, 480]"
"49 days, 7 hours",1183,138300,"[720, 480]"
"49 days, 8 hours",1184,138300,"[720, 480]"
"49 days, 9 hours",1185,138300,"[720, 480]"
"49 days, 10 hours",1186,138300,"[720, 480]"
"49 days, 11 hours",1187,138300,"[720, 480]"
"49 days, 12 hours",1188,138300,"[720, 480]"
"49 days, 13 hours",1189,138300,"[720, 480]"
"49 days, 14 hours",1190,138300,"[720, 480]"
"49 days, 15 hours",1191,138300,"[720, 480]"
"49 days, 16 hours",1192,138300,"[720, 480]"
"49 days, 17 hours",1193,138300,"[720, 480]"
"49 days, 18 hours",1194,138300,"[720, 480]"
"49 days, 19 hours",1195,138300,"[720, 480]"
"49 days, 20 hours",1196,138300,"[720, 480]"
"49 days, 21 hours",1197,138300,"[720, 480]"
"49 days, 22 hours",1198,138300,"[720, 480]"
"49 days, 23 hours",1199,138300,"[720, 480]"
"50 days, 0 hours",1200,138300,"[720, 480]"
"50 days, 1 hours",1201,138550,"[720, 480, 1]"
"50 days, 2 hours",1202,138800,"[720, 480, 1, 1]"
"50 days, 3 hours",1203,139050,"[720, 480, 3]"
"50 days, 4 hours",1204,139300,"[720, 480, 3, 1]"
"50 days, 5 hours",1205,139550,"[720, 480, 3, 1, 1]"
"50 days, 6 hours",1206,139800,"[720, 480, 3, 3]"
"50 days, 7 hours",1207,140050,"[720, 480, 3, 3, 1]"
"50 days, 8 hours",1208,140100,"[720, 480, 8]"
"50 days, 9 hours",1209,140350,"[720, 480, 8, 1]"
"50 days, 10 hours",1210,140600,"[720, 480, 8, 1, 1]"
"50 days, 11 hours",1211,140850,"[720, 480, 8, 3]"
"50 days, 12 hours",1212,141100,"[720, 480, 8, 3, 1]"
"50 days, 13 hours",1213,141350,"[720, 480, 8, 3, 1, 1]"
"50 days, 14 hours",1214,141600,"[720, 480, 8, 3, 3]"
"50 days, 15 hours",1215,141850,"[720, 480, 8, 3, 3, 1]"
"50 days, 16 hours",1216,141900,"[720, 480, 8, 8]"
"50 days, 17 hours",1217,142150,"[720, 480, 8, 8, 1]"
"50 days, 18 hours",1218,142400,"[720, 480, 8, 8, 1, 1]"
"50 days, 19 hours",1219,142650,"[720, 480, 8, 8, 3]"
"50 days, 20 hours",1220,142900,"[720, 480, 8, 8, 3, 1]"
"50 days, 21 hours",1221,143100,"[720, 480, 24]"
"50 days, 22 hours",1222,143100,"[720, 480, 24]"
"50 days, 23 hours",1223,143100,"[720, 480, 24]"
"51 days, 0 hours",1224,143100,"[720, 480, 24]"
"51 days, 1 hours",1225,143350,"[720, 480, 24, 1]"
"51 days, 2 hours",1226,143600,"[720, 480, 24, 1, 1]"
"51 days, 3 hours",1227,143850,"[720, 480, 24, 3]"
"51 days, 4 hours",1228,144100,"[720, 480, 24, 3, 1]"
"51 days, 5 hours",1229,144350,"[720, 480, 24, 3, 1, 1]"
"51 days, 6 hours",1230,144600,"[720, 480, 24, 3, 3]"
"51 days, 7 hours",1231,144850,"[720, 480, 24, 3, 3, 1]"
"51 days, 8 hours",1232,144900,"[720, 480, 24, 8]"
"51 days, 9 hours",1233,145150,"[720, 480, 24, 8, 1]"
"51 days, 10 hours",1234,145400,"[720, 480, 24, 8, 1, 1]"
"51 days, 11 hours",1235,145650,"[720, 480, 24, 8, 3]"
"51 days, 12 hours",1236,145900,"[720, 480, 24, 8, 3, 1]"
"51 days, 13 hours",1237,146150,"[720, 480, 24, 8, 3, 1, 1]"
"51 days, 14 hours",1238,146400,"[720, 480, 24, 8, 3, 3]"
"51 days, 15 hours",1239,146650,"[720, 480, 24, 8, 3, 3, 1]"
"51 days, 16 hours",1240,146700,"[720, 480, 24, 8, 8]"
"51 days, 17 hours",1241,146950,"[720, 480, 24, 8, 8, 1]"
"51 days, 18 hours",1242,147200,"[720, 480, 24, 8, 8, 1, 1]"
"51 days, 19 hours",1243,147450,"[720, 480, 24, 8, 8, 3]"
"51 days, 20 hours",1244,147700,"[720, 480, 24, 8, 8, 3, 1]"
"51 days, 21 hours",1245,147900,"[720, 480, 24, 24]"
"51 days, 22 hours",1246,147900,"[720, 480, 24, 24]"
"51 days, 23 hours",1247,147900,"[720, 480, 24, 24]"
"52 days, 0 hours",1248,147900,"[720, 480, 24, 24]"
"52 days, 1 hours",1249,148150,"[720, 480, 24, 24, 1]"
"52 days, 2 hours",1250,148400,"[720, 480, 24, 24, 1, 1]"
"52 days, 3 hours",1251,148650,"[720, 480, 24, 24, 3]"
"52 days, 4 hours",1252,148900,"[720, 480, 24, 24, 3, 1]"
"52 days, 5 hours",1253,149150,"[720, 480, 24, 24, 3, 1, 1]"
"52 days, 6 hours",1254,149400,"[720, 480, 24, 24, 3, 3]"
"52 days, 7 hours",1255,149650,"[720, 480, 24, 24, 3, 3, 1]"
"52 days, 8 hours",1256,149700,"[720, 480, 24, 24, 8]"
"52 days, 9 hours",1257,149950,"[720, 480, 24, 24, 8, 1]"
"52 days, 10 hours",1258,150200,"[720, 480, 24, 24, 8, 1, 1]"
"52 days, 11 hours",1259,150300,"[720, 480, 72]"
"52 days, 12 hours",1260,150300,"[720, 480, 72]"
"52 days, 13 hours",1261,150300,"[720, 480, 72]"
"52 days, 14 hours",1262,150300,"[720, 480, 72]"
"52 days, 15 hours",1263,150300,"[720, 480, 72]"
"52 days, 16 hours",1264,150300,"[720, 480, 72]"
"52 days, 17 hours",1265,150300,"[720, 480, 72]"
"52 days, 18 hours",1266,150300,"[720, 480, 72]"
"52 days, 19 hours",1267,150300,"[720, 480, 72]"
"52 days, 20 hours",1268,150300,"[720, 480, 72]"
"52 days, 21 hours",1269,150300,"[720, 480, 72]"
"52 days, 22 hours",1270,150300,"[720, 480, 72]"
"52 days, 23 hours",1271,150300,"[720, 480, 72]"
"53 days, 0 hours",1272,150300,"[720, 480, 72]"
"53 days, 1 hours",1273,150550,"[720, 480, 72, 1]"
"53 days, 2 hours",1274,150800,"[720, 480, 72, 1, 1]"
"53 days, 3 hours",1275,151050,"[720, 480, 72, 3]"
"53 days, 4 hours",1276,151300,"[720, 480, 72, 3, 1]"
"53 days, 5 hours",1277,151550,"[720, 480, 72, 3, 1, 1]"
"53 days, 6 hours",1278,151800,"[720, 480, 72, 3, 3]"
"53 days, 7 hours",1279,152050,"[720, 480, 72, 3, 3, 1]"
"53 days, 8 hours",1280,152100,"[720, 480, 72, 8]"
"53 days, 9 hours",1281,152350,"[720, 480, 72, 8, 1]"
"53 days, 10 hours",1282,152600,"[720, 480, 72, 8, 1, 1]"
"53 days, 11 hours",1283,152850,"[720, 480, 72, 8, 3]"
"53 days, 12 hours",1284,153100,"[720, 480, 72, 8, 3, 1]"
"53 days, 13 hours",1285,153350,"[720, 480, 72, 8, 3, 1, 1]"
"53 days, 14 hours",1286,153600,"[720, 480, 72, 8, 3, 3]"
"53 days, 15 hours",1287,153850,"[720, 480, 72, 8, 3, 3, 1]"
"53 days, 16 hours",1288,153900,"[720, 480, 72, 8, 8]"
"53 days, 17 hours",1289,154150,"[720, 480, 72, 8, 8, 1]"
"53 days, 18 hours",1290,154400,"[720, 480, 72, 8, 8, 1, 1]"
"53 days, 19 hours",1291,154650,"[720, 480, 72, 8, 8, 3]"
"53 days, 20 hours",1292,154900,"[720, 480, 72, 8, 8, 3, 1]"
"53 days, 21 hours",1293,155100,"[720, 480, 72, 24]"
"53 days, 22 hours",1294,155100,"[720, 480, 72, 24]"
"53 days, 23 hours",1295,155100,"[720, 480, 72, 24]"
"54 days, 0 hours",1296,155100,"[720, 480, 72, 24]"
"54 days, 1 hours",1297,155350,"[720, 480, 72, 24, 1]"
"54 days, 2 hours",1298,155600,"[720, 480, 72, 24, 1, 1]"
"54 days, 3 hours",1299,155850,"[720, 480, 72, 24, 3]"
"54 days, 4 hours",1300,156100,"[720, 480, 72, 24, 3, 1]"
"54 days, 5 hours",1301,156350,"[720, 480, 72, 24, 3, 1, 1]"
"54 days, 6 hours",1302,156600,"[720, 480, 72, 24, 3, 3]"
"54 days, 7 hours",1303,156850,"[720, 480, 72, 24, 3, 3, 1]"
"54 days, 8 hours",1304,156900,"[720, 480, 72, 24, 8]"
"54 days, 9 hours",1305,157150,"[720, 480, 72, 24, 8, 1]"
"54 days, 10 hours",1306,157400,"[720, 480, 72, 24, 8, 1, 1]"
"54 days, 11 hours",1307,157650,"[720, 480, 72, 24, 8, 3]"
"54 days, 12 hours",1308,157900,"[720, 480, 72, 24, 8, 3, 1]"
"54 days, 13 hours",1309,158150,"[720, 480, 72, 24, 8, 3, 1, 1]"
"54 days, 14 hours",1310,158400,"[720, 480, 72, 24, 8, 3, 3]"
"54 days, 15 hours",1311,158650,"[720, 480, 72, 24, 8, 3, 3, 1]"
"54 days, 16 hours",1312,158700,"[720, 480, 72, 24, 8, 8]"
"54 days, 17 hours",1313,158950,"[720, 480, 72, 24, 8, 8, 1]"
"54 days, 18 hours",1314,159200,"[720, 480, 72, 24, 8, 8, 1, 1]"
"54 days, 19 hours",1315,159450,"[720, 480, 72, 24, 8, 8, 3]"
"54 days, 20 hours",1316,159700,"[720, 480, 72, 24, 8, 8, 3, 1]"
"54 days, 21 hours",1317,159900,"[720, 480, 72, 24, 24]"
"54 days, 22 hours",1318,159900,"[720, 480, 72, 24, 24]"
"54 days, 23 hours",1319,159900,"[720, 480, 72, 24, 24]"
"55 days, 0 hours",1320,159900,"[720, 480, 72, 24, 24]"
"55 days, 1 hours",1321,160000,"[720, 720]"
"55 days, 2 hours",1322,160000,"[720, 720]"
"55 days, 3 hours",1323,160000,"[720, 720]"
"55 days, 4 hours",1324,160000,"[720, 720]"
"55 days, 5 hours",1325,160000,"[720, 720]"
"55 days, 6 hours",1326,160000,"[720, 720]"
"55 days, 7 hours",1327,160000,"[720, 720]"
"55 days, 8 hours",1328,160000,"[720, 720]"
"55 days, 9 hours",1329,160000,"[720, 720]"
"55 days, 10 hours",1330,160000,"[720, 720]"
"55 days, 11 hours",1331,160000,"[720, 720]"
"55 days, 12 hours",1332,160000,"[720, 720]"
"55 days, 13 hours",1333,160000,"[720, 720]"
"55 days, 14 hours",1334,160000,"[720, 720]"
"55 days, 15 hours",1335,160000,"[720, 720]"
"55 days, 16 hours",1336,160000,"[720, 720]"
"55 days, 17 hours",1337,160000,"[720, 720]"
"55 days, 18 hours",1338,160000,"[720, 720]"
"55 days, 19 hours",1339,160000,"[720, 720]"
"55 days, 20 hours",1340,160000,"[720, 720]"
"55 days, 21 hours",1341,160000,"[720, 720]"
"55 days, 22 hours",1342,160000,"[720, 720]"
"55 days, 23 hours",1343,160000,"[720, 720]"
"56 days, 0 hours",1344,160000,"[720, 720]"
"56 days, 1 hours",1345,160000,"[720, 720]"
"56 days, 2 hours",1346,160000,"[720, 720]"
"56 days, 3 hours",1347,160000,"[720, 720]"
"56 days, 4 hours",1348,160000,"[720, 720]"
"56 days, 5 hours",1349,160000,"[720, 720]"
"56 days, 6 hours",1350,160000,"[720, 720]"
"56 days, 7 hours",1351,160000,"[720, 720]"
"56 days, 8 hours",1352,160000,"[720, 720]"
"56 days, 9 hours",1353,160000,"[720, 720]"
"56 days, 10 hours",1354,160000,"[720, 720]"
"56 days, 11 hours",1355,160000,"[720, 720]"
"56 days, 12 hours",1356,160000,"[720, 720]"
"56 days, 13 hours",1357,160000,"[720, 720]"
"56 days, 14 hours",1358,160000,"[720, 720]"
"56 days, 15 hours",1359,160000,"[720, 720]"
"56 days, 16 hours",1360,160000,"[720, 720]"
"56 days, 17 hours",1361,160000,"[720, 720]"
"56 days, 18 hours",1362,160000,"[720, 720]"
"56 days, 19 hours",1363,160000,"[720, 720]"
"56 days, 20 hours",1364,160000,"[720, 720]"
"56 days, 21 hours",1365,160000,"[720, 720]"
"56 days, 22 hours",1366,160000,"[720, 720]"
"56 days, 23 hours",1367,160000,"[720, 720]"
"57 days, 0 hours",1368,160000,"[720, 720]"
"57 days, 1 hours",1369,160000,"[720, 720]"
"57 days, 2 hours",1370,160000,"[720, 720]"
"57 days, 3 hours",1371,160000,"[720, 720]"
"57 days, 4 hours",1372,160000,"[720, 720]"
"57 days, 5 hours",1373,160000,"[720, 720]"
"57 days, 6 hours",1374,160000,"[720, 720]"
"57 days, 7 hours",1375,160000,"[720, 720]"
"57 days, 8 hours",1376,160000,"[720, 720]"
"57 days, 9 hours",1377,160000,"[720, 720]"
"57 days, 10 hours",1378,160000,"[720, 720]"
"57 days, 11 hours",1379,160000,"[720, 720]"
"57 days, 12 hours",1380,160000,"[720, 720]"
"57 days, 13 hours",1381,160000,"[720, 720]"
"57 days, 14 hours",1382,160000,"[720, 720]"
"57 days, 15 hours",1383,160000,"[720, 720]"
"57 days, 16 hours",1384,160000,"[720, 720]"
"57 days, 17 hours",1385,160000,"[720, 720]"
"57 days, 18 hours",1386,160000,"[720, 720]"
"57 days, 19 hours",1387,160000,"[720, 720]"
"57 days, 20 hours",1388,160000,"[720, 720]"
"57 days, 21 hours",1389,160000,"[720, 720]"
"57 days, 22 hours",1390,160000,"[720, 720]"
"57 days, 23 hours",1391,160000,"[720, 720]"
"58 days, 0 hours",1392,160000,"[720, 720]"
"58 days, 1 hours",1393,160000,"[720, 720]"
"58 days, 2 hours",1394,160000,"[720, 720]"
"58 days, 3 hours",1395,160000,"[720, 720]"
"58 days, 4 hours",1396,160000,"[720, 720]"
"58 days, 5 hours",1397,160000,"[720, 720]"
"58 days, 6 hours",1398,160000,"[720, 720]"
"58 days, 7 hours",1399,160000,"[720, 720]"
"58 days, 8 hours",1400,160000,"[720, 720]"
"58 days, 9 hours",1401,160000,"[720, 720]"
"58 days, 10 hours",1402,160000,"[720, 720]"
"58 days, 11 hours",1403,160000,"[720, 720]"
"58 days, 12 hours",1404,160000,"[720, 720]"
"58 days, 13 hours",1405,160000,"[720, 720]"
"58 days, 14 hours",1406,160000,"[720, 720]"
"58 days, 15 hours",1407,160000,"[720, 720]"
"58 days, 16 hours",1408,160000,"[720, 720]"
"58 days, 17 hours",1409,160000,"[720, 720]"
"58 days, 18 hours",1410,160000,"[720, 720]"
"58 days, 19 hours",1411,160000,"[720, 720]"
"58 days, 20 hours",1412,160000,"[720, 720]"
"58 days, 21 hours",1413,160000,"[720, 720]"
"58 days, 22 hours",1414,160000,"[720, 720]"
"58 days, 23 hours",1415,160000,"[720, 720]"
"59 days, 0 hours",1416,160000,"[720, 720]"
"59 days, 1 hours",1417,160000,"[720, 720]"
"59 days, 2 hours",1418,160000,"[720, 720]"
"59 days, 3 hours",1419,160000,"[720, 720]"
"59 days, 4 hours",1420,160000,"[720, 720]"
"59 days, 5 hours",1421,160000,"[720, 720]"
"59 days, 6 hours",1422,160000,"[720, 720]"
"59 days, 7 hours",1423,160000,"[720, 720]"
"59 days, 8 hours",1424,160000,"[720, 720]"
"59 days, 9 hours",1425,160000,"[720, 720]"
"59 days, 10 hours",1426,160000,"[720, 720]"
"59 days, 11 hours",1427,160000,"[720, 720]"
"59 days, 12 hours",1428,160000,"[720, 720]"
"59 days, 13 hours",1429,160000,"[720, 720]"
"59 days, 14 hours",1430,160000,"[720, 720]"
"59 days, 15 hours",1431,160000,"[720, 720]"
"59 days, 16 hours",1432,160000,"[720, 720]"
"59 days, 17 hours",1433,160000,"[720, 720]"
"59 days, 18 hours",1434,160000,"[720, 720]"
"59 days, 19 hours",1435,160000,"[720, 720]"
"59 days, 20 hours",1436,160000,"[720, 720]"
"59 days, 21 hours",1437,160000,"[720, 720]"
"59 days, 22 hours",1438,160000,"[720, 720]"
"59 days, 23 hours",1439,160000,"[720, 720]"